Keyword,Score
guys,0.998555
boys,0.99849
sweet,0.998361
models,0.998346
pussy,0.998274
ass,0.998262
cutie,0.998249
remember,0.998246
school,0.998199
telegru,0.998169
huge,0.998134
hard,0.998131
russian,0.998117
bad,0.998068
loves,0.998032
enjoy,0.998023
face,0.998005
anybody,0.997985
darkweb,0.997958
american,0.997952
