Keyword,Score
maxchan,0.555582
mixedlolitas,0.278278
countries,0.123877
stronghold,0.034613
illegal,0.023052
city,0.017943
language,0.015146
pornoslonik,0.009811
gallery,0.008874
endchan,0.007779
child,0.006743
erotic,0.005986
community,0.005578
hanamaru,0.004423
sonya,0.004365
camera,0.004074
clollection,0.00347
videos,0.003407
illusion,0.003136
zenphoto,0.002985
