keyword,Score
child,0.306826
lola,0.238443
zoo,0.234528
pedomoms,0.232663
toddlers,0.232663
jblinks,0.232663
kitty,0.232663
myloveboard,0.232663
thumbnailed,0.228013
videos,0.187591
little,0.165413
cute,0.153748
pic,0.153341
pictures,0.149286
model,0.147735
nude,0.146937
young,0.133342
photo,0.12481
image,0.124321
beautiful,0.117419
